{
  "ASCII Anti Aliased": true,
  "ASCII Ligatures": true,
  "AWDS Pane Directory": "",
  "AWDS Pane Option": "Recycle",
  "AWDS Tab Directory": "",
  "AWDS Tab Option": "No",
  "AWDS Window Directory": "",
  "AWDS Window Option": "No",
  "Ambiguous Double Width": false,
  "Ansi 0 Color": {
    "Blue Component": 0.08235294371843338,
    "Green Component": 0.08235294371843338,
    "Red Component": 0.08235294371843338
  },
  "Ansi 1 Color": {
    "Blue Component": 0.2588235438,
    "Green Component": 0.2549019754,
    "Red Component": 0.6745098233
  },
  "Ansi 10 Color": {
    "Blue Component": 0.31444666754949363,
    "Green Component": 0.5557656957013575,
    "Red Component": 0.49473804391474724
  },
  "Ansi 11 Color": {
    "Blue Component": 0.4039215686,
    "Green Component": 0.7098039216,
    "Red Component": 0.8980392157
  },
  "Ansi 12 Color": {
    "Blue Component": 0.7333333333333333,
    "Green Component": 0.6,
    "Red Component": 0.4235294117647059
  },
  "Ansi 13 Color": {
    "Blue Component": 0.5234466981,
    "Green Component": 0.3069779858,
    "Red Component": 0.6233385181
  },
  "Ansi 14 Color": {
    "Blue Component": 0.8118151991,
    "Green Component": 0.8385321624,
    "Red Component": 0.4903187999
  },
  "Ansi 15 Color": {
    "Blue Component": 0.9607843160629272,
    "Green Component": 0.9607843160629272,
    "Red Component": 0.9607843160629272
  },
  "Ansi 2 Color": {
    "Blue Component": 0.3144466675,
    "Green Component": 0.5557656957,
    "Red Component": 0.4947380439
  },
  "Ansi 3 Color": {
    "Blue Component": 0.403921568627451,
    "Green Component": 0.7098039215686275,
    "Red Component": 0.8980392156862745
  },
  "Ansi 4 Color": {
    "Blue Component": 0.7333333333,
    "Green Component": 0.6,
    "Red Component": 0.4235294118
  },
  "Ansi 5 Color": {
    "Blue Component": 0.523446698099313,
    "Green Component": 0.3069779857956881,
    "Red Component": 0.6233385180995474
  },
  "Ansi 6 Color": {
    "Blue Component": 0.8118151991,
    "Green Component": 0.8385321624,
    "Red Component": 0.4903187999
  },
  "Ansi 7 Color": {
    "Blue Component": 0.8156862854957581,
    "Green Component": 0.8156862854957581,
    "Red Component": 0.8156862854957581
  },
  "Ansi 8 Color": {
    "Blue Component": 0.3137255012989044,
    "Green Component": 0.3137255012989044,
    "Red Component": 0.3137255012989044
  },
  "Ansi 9 Color": {
    "Blue Component": 0.2588235438,
    "Green Component": 0.2549019754,
    "Red Component": 0.6745098233
  },
  "BM Growl": true,
  "Background Color": {
    "Blue Component": 0.1283406391402715,
    "Green Component": 0.1283406391402715,
    "Red Component": 0.1283406391402715
  },
  "Background Image Location": "",
  "Badge Color": {
    "Alpha Component": 0.5,
    "Blue Component": 0,
    "Color Space": "sRGB",
    "Green Component": 0.14910027384757996,
    "Red Component": 1
  },
  "Blink Allowed": true,
  "Blinking Cursor": true,
  "Blur": true,
  "Blur Radius": 20,
  "Bold Color": {
    "Blue Component": 0.8156862854957581,
    "Green Component": 0.8156862854957581,
    "Red Component": 0.8156862854957581
  },
  "Character Encoding": 4,
  "Close Sessions On End": true,
  "Columns": 80,
  "Command": "",
  "Cursor Boost": 0,
  "Cursor Color": {
    "Blue Component": 0.8156862854957581,
    "Green Component": 0.8156862854957581,
    "Red Component": 0.8156862854957581
  },
  "Cursor Guide Color": {
    "Alpha Component": 0.25,
    "Blue Component": 1,
    "Color Space": "sRGB",
    "Green Component": 0.9268137812614441,
    "Red Component": 0.7021402716636658
  },
  "Cursor Text Color": {
    "Blue Component": 0.08235294371843338,
    "Green Component": 0.08235294371843338,
    "Red Component": 0.08235294371843338
  },
  "Cursor Type": 0,
  "Custom Command": "No",
  "Custom Directory": "Advanced",
  "Default Bookmark": "No",
  "Description": "Default",
  "Disable Window Resizing": true,
  "Draw Powerline Glyphs": false,
  "Flashing Bell": false,
  "Foreground Color": {
    "Blue Component": 0.8156862854957581,
    "Green Component": 0.8156862854957581,
    "Red Component": 0.8156862854957581
  },
  "Guid": "1A991CAE-9FB0-4B13-850E-930DEADBC59B",
  "Horizontal Spacing": 1,
  "Icon": 1,
  "Idle Code": 0,
  "Initial Use Transparency": true,
  "Jobs to Ignore": [
    "rlogin",
    "ssh",
    "slogin",
    "telnet"
  ],
  "Keyboard Map": {
    "0x2a-0x200000": {
      "Action": 12,
      "Text": "*"
    },
    "0x2b-0x200000": {
      "Action": 12,
      "Text": "+"
    },
    "0x2d-0x200000": {
      "Action": 12,
      "Text": "-"
    },
    "0x2d-0x40000": {
      "Action": 11,
      "Text": "0x1f"
    },
    "0x2e-0x200000": {
      "Action": 12,
      "Text": "."
    },
    "0x2f-0x200000": {
      "Action": 12,
      "Text": "/"
    },
    "0x3-0x200000": {
      "Action": 11,
      "Text": "0xd"
    },
    "0x30-0x200000": {
      "Action": 12,
      "Text": "0"
    },
    "0x31-0x200000": {
      "Action": 12,
      "Text": "1"
    },
    "0x32-0x200000": {
      "Action": 12,
      "Text": "2"
    },
    "0x32-0x40000": {
      "Action": 11,
      "Text": "0x00"
    },
    "0x33-0x200000": {
      "Action": 12,
      "Text": "3"
    },
    "0x33-0x40000": {
      "Action": 11,
      "Text": "0x1b"
    },
    "0x34-0x200000": {
      "Action": 12,
      "Text": "4"
    },
    "0x34-0x40000": {
      "Action": 11,
      "Text": "0x1c"
    },
    "0x35-0x200000": {
      "Action": 12,
      "Text": "5"
    },
    "0x35-0x40000": {
      "Action": 11,
      "Text": "0x1d"
    },
    "0x36-0x200000": {
      "Action": 12,
      "Text": "6"
    },
    "0x36-0x40000": {
      "Action": 11,
      "Text": "0x1e"
    },
    "0x37-0x200000": {
      "Action": 12,
      "Text": "7"
    },
    "0x37-0x40000": {
      "Action": 11,
      "Text": "0x1f"
    },
    "0x38-0x200000": {
      "Action": 12,
      "Text": "8"
    },
    "0x38-0x40000": {
      "Action": 11,
      "Text": "0x7f"
    },
    "0x39-0x200000": {
      "Action": 12,
      "Text": "9"
    },
    "0x7f-0x100000": {
      "Action": 11,
      "Text": "0x15"
    },
    "0x7f-0x80000": {
      "Action": 11,
      "Text": "0x1b 0x7f"
    },
    "0xf700-0x220000": {
      "Action": 10,
      "Text": "[1;2A"
    },
    "0xf700-0x240000": {
      "Action": 10,
      "Text": "[1;5A"
    },
    "0xf700-0x260000": {
      "Action": 10,
      "Text": "[1;6A"
    },
    "0xf701-0x220000": {
      "Action": 10,
      "Text": "[1;2B"
    },
    "0xf701-0x240000": {
      "Action": 10,
      "Text": "[1;5B"
    },
    "0xf701-0x260000": {
      "Action": 10,
      "Text": "[1;6B"
    },
    "0xf702-0x220000": {
      "Action": 10,
      "Text": "[1;2D"
    },
    "0xf702-0x240000": {
      "Action": 10,
      "Text": "[1;5D"
    },
    "0xf702-0x260000": {
      "Action": 10,
      "Text": "[1;6D"
    },
    "0xf702-0x280000": {
      "Action": 10,
      "Text": "b"
    },
    "0xf702-0x300000": {
      "Action": 11,
      "Text": "0x1"
    },
    "0xf703-0x220000": {
      "Action": 10,
      "Text": "[1;2C"
    },
    "0xf703-0x240000": {
      "Action": 10,
      "Text": "[1;5C"
    },
    "0xf703-0x260000": {
      "Action": 10,
      "Text": "[1;6C"
    },
    "0xf703-0x280000": {
      "Action": 10,
      "Text": "f"
    },
    "0xf703-0x300000": {
      "Action": 11,
      "Text": "0x5"
    },
    "0xf704-0x20000": {
      "Action": 10,
      "Text": "[1;2P"
    },
    "0xf705-0x20000": {
      "Action": 10,
      "Text": "[1;2Q"
    },
    "0xf706-0x20000": {
      "Action": 10,
      "Text": "[1;2R"
    },
    "0xf707-0x20000": {
      "Action": 10,
      "Text": "[1;2S"
    },
    "0xf708-0x20000": {
      "Action": 10,
      "Text": "[15;2~"
    },
    "0xf709-0x20000": {
      "Action": 10,
      "Text": "[17;2~"
    },
    "0xf70a-0x20000": {
      "Action": 10,
      "Text": "[18;2~"
    },
    "0xf70b-0x20000": {
      "Action": 10,
      "Text": "[19;2~"
    },
    "0xf70c-0x20000": {
      "Action": 10,